"FedericoValverde","https://tech-beyond-jobs.vercel.app/","tier2","auto","careers@gitlab.com","Empresa mediada - Portal de empleos"
"NEEC (New England Center for Children)","https://www.necc.org/jobs/","tier2","auto","careers@gitlab.com","Empleos"
"Grove Collaborative","https://job-boards.greenhouse.io/grovecollaborative","tier2","auto","careers@gitlab.com","Pagina Empleos"
"Planet IT Geo","https://planitgeo.com/job-openings/","tier2","auto","careers@gitlab.com","Portal Empleos"
"ROC360","https://roc360.com/careers/","tier2","auto","careers@gitlab.com","Empleos"
"MonetaGo","https://www.monetago.com/careers","tier2","auto","careers@gitlab.com","vantes de Empleos"
"Avatier","https://www.avatier.com/careers/","tier2","auto","careers@gitlab.com","Puestos disponibles"
"WellnessLiving","https://jobs.gohire.io/wellnessliving-zvcrxvet/","tier2","auto","careers@gitlab.com","Vacantes"
"Branded Commerce (SLTWTR)","https://sltwtr.com/blogs/careers","tier2","auto","careers@gitlab.com","Empleos disponibles"
"Saleshood","https://saleshood.com/careers/","tier2","auto","careers@gitlab.com","Empleos"
"Havas Canada","https://ca.havas.com/career/","tier2","auto","careers@gitlab.com","Portal de empleos"
"Formant","https://ats.rippling.com/formant-careers/jobs","tier2","auto","careers@gitlab.com","Empleos"
"Auvik","https://www.auvik.com/careers/","tier2","auto","careers@gitlab.com","Empleos"
"TipHaus","https://www.tiphaus.com/careers/","tier2","auto","careers@gitlab.com","Empleos"